abate;M
abbandonare;F
abbandono;M
abbassamento;M
abbattimento;M
abbigliamento;M
abbinamento;M
abboccamento;M
abbonamento;M
abbondanza;F
abbordo;M
abbraccio;M
abbuffata;F
abete;M
abilita';F
abilitato;F
abilitazione;F
abisso;M
abitabilita';F
abitacolo;M
abitante;F
abitazione;F
abito;M
abitudine;F
abolizione;F
aborto;M
abrogazione;F
abside;F
abuso;M
acca;F
accademia;F
accadimento;M
accalappiacani;F
accanimento;M
accavallamento;M
accelerazione;F
accenno;M
accento;M
accentuazione;F
accertamento;M
accesso;M
accessorio;M
accettabilita';F
accettazione;F
accezione;F
acciacco;M
acciaio;M
accidente;M
accoglienza;F
accomandatario;M
accomandita;F
accompagnamento;M
accompagnatore;F
accomunamento;M
accontentare;F
acconto;M
accordo;M
accorgimento;M
accorpamento;M
accostamento;M
accreditamento;M
accredito;M
accusa;F
acido;M
acqua;F
acquamarina;M
acquavite;F
acquazzone;M
acquedotto;M
acquerello;M
acquisizione;F
acquisto;M
acquolina;F
acrilico;M
acropoli;F
acustica;F
acutezza;F
adagio;M
adattamento;M
addebito;M
addetto;M
addio;M
addome;M
addomesticamento;M
adeguatezza;F
adempimento;M
adepto;M
aderente;F
aderenza;F
adesione;F
adesivo;M
adiacenza;F
adolescente;F
adorazione;F
adozione;F
adulto;F
aereo;M
aereonautica;F
aerobico;F
aeroplano;M
aeroporto;M
afasia;F
affamato;F
affanno;M
affare;M
affarino;M
affarismo;M
affaticamento;M
affatturato;F
affermare;F
affermazione;F
affetto;M
affezione;F
affidamento;M
affiliato;F
affiliazione;F
affinamento;M
affinita';F
affitto;M
affluenza;F
affresco;M
affricata;F
affrontare;F
affronto;M
agenda;F
agente;M
agenzia;F
agevolazione;F
aggancio;M
aggeggio;M
aggettivo;M
aggiornamento;M
aggiuntivo;F
aggiustamento;M
aggravio;M
aggregazione;F
aggressione;F
agguato;M
agiatezza;F
agitazione;F
aglio;M
agnello;M
ago;M
agosto;M
agresta;F
agricoltore;M
agricoltura;F
agro;M
aids;F
aiutante;F
aiuto;M
ala;F
alano;M
alba;F
albanese;M
albergatore;M
albergo;M
albero;M
albicocca;F
albicocco;M
albo;M
albore;M
album;M
alcol;M
alcolismo;M
alcolizzato;F
alfabeto;M
alga;F
alibi;M
alienazione;F
alieno;M
alimentare;F
alimentatore;M
alimentazione;F
aliscafo;M
alito;M
allaccio;M
allargamento;M
allarme;M
alleanza;F
allegato;M
allegria;F
allenamento;M
allenatore;M
allergia;F
allineamento;M
allontanamento;M
alluce;M
allungamento;M
allupato;F
allusione;F
alt;M
altare;M
alterazione;F
alternanza;F
alternativa;F
altezza;F
alto;M
altoparlante;M
altruismo;M
alunno;M
alveare;M
alzata;F
amante;F
amarezza;F
ambasciata;F
ambientalista;F
ambientazione;F
ambiente;M
ambiguita';F
ambito;M
ambra;F
ambulante;M
ambulanza;F
ambulatorio;M
americano;M
amicizia;F
amico;M
ammalato;M
ammazzata;F
ammenda;F
amministrativo;M
amministratore;M
amministrazione;F
ammissione;F
ammonizione;F
ammontare;M
ammortamento;M
amnistia;F
amo;M
amore;M
ampliamento;M
amplificatore;M
amputazione;F
anagrafe;F
analfabetismo;M
analisi;F
analogia;F
ananas;M
anarchico;F
anatema;M
anatomia;F
anatra;F
anca;F
ancoraggio;M
andamento;M
andare;M
andata;F
andazzo;M
andito;M
andrangheta;F
andrologia;F
andrologo;M
androne;M
anelito;M
anello;M
anfiteatro;M
anfratto;M
angelo;M
anglosassone;M
angolazione;F
angolo;M
angora;F
angoscia;F
anguria;F
anima;F
animale;M
animato;F
animatore;M
animazione;F
animo;M
annientamento;M
anniversario;M
anno;M
annotazione;F
annualita';F
annuario;M
annullo;M
annunciatore;M
annuncio;M
annunzio;M
anomalia;F
anonimato;M
ansia;F
ansieta';F
anta;F
antagonista;F
antefatto;M
antenato;M
antenna;F
anteprima;F
antichita';F
anticipazione;F
anticipo;M
antico;M
antidoto;M
antifascista;F
antinfortunistica;F
antinomia;F
antipasto;M
antipatia;F
antipode;F
antiquariato;M
antischiavista;F
antitesi;F
antologia;F
antonomasia;F
anulare;M
anzianita';F
anziano;M
aorta;F
ape;F
aperto;M
apertura;F
apostolo;M
appaltatore;F
appalto;M
apparato;M
apparecchiatura;F
apparecchio;M
apparentamento;M
apparenza;F
appartamento;M
appartenente;F
appartenenza;F
appassionato;F
appello;M
appendice;F
appendicectomia;F
appendino;M
appennino;F
appetito;M
appezzamento;M
appiccico;M
appiglio;M
applauso;M
applicazione;F
appoggio;M
apporto;M
apprendere;F
apprendimento;M
apprestamento;M
approccio;M
approdo;M
approfondimento;M
approssimazione;F
approvazione;F
appuntamento;M
appunto;M
aprile;M
aquila;F
arabo;M
arachide;F
arancia;F
aranciata;F
arancio;M
arancione;M
arazzo;M
arbitrio;M
arbitro;M
arcano;M
architetto;M
architettura;F
archiviazione;F
archivio;M
arcivescovo;M
arco;M
arcobaleno;M
ardore;M
area;F
areonautica;F
areoporto;M
argentino;F
argento;M
argilla;F
argomentazione;F
argomento;M
argonauta;M
aria;F
aridita';F
aristocratico;F
aristocrazia;F
aristotelico;F
arma;F
armadio;M
armata;F
armonia;F
aromatizzante;M
arredamento;M
arredatore;F
arresto;M
arretrato;M
arricchimento;M
arrivo;M
arroganza;F
arrosto;M
arruffianamento;M
arsenale;M
arte;F
articolazione;F
articolista;F
articolo;M
artigianato;M
artigiano;M
artista;F
arto;F
ascella;F
ascendenza;F
ascensore;M
ascesa;F
ascissa;F
asciugamano;M
ascoltatore;M
ascolto;M
asfalto;M
asilo;M
asino;M
asma;F
asola;F
asparago;M
asperita';F
aspettativa;F
aspetto;M
aspirazione;F
aspirina;F
asportazione;F
assaggiatore;M
assalto;M
assassinio;M
asse;F
assegnazione;F
assegno;M
assemblaggio;M
assemblea;F
assenza;F
asservimento;M
assessorato;M
assessore;M
assetto;M
assicurazione;F
assimilazione;F
assistenza;F
assistito;M
asso;M
associazione;F
associazionismo;M
assolutista;F
assoluzione;F
assorbimento;M
assunto;M
assunzione;F
assurdita';F
assurdo;M
asta;F
astensione;F
astenuto;F
astratto;M
astro;M
astrologia;F
astrologo;M
astronomia;F
astuzia;F
ateismo;M
ateneo;M
ateniese;F
atipico;F
atlante;M
atleta;F
atmosfera;F
atomo;M
atrio;M
attaccapanni;M
attacco;M
atteggiamento;M
attendibilita';F
attentato;F
attenuazione;F
attenzione;F
attesa;F
attestato;F
attimo;M
attinenza;F
attivazione;F
attivismo;M
attivita';F
attivo;F
atto;M
attore;M
attrazione;F
attrezzatura;F
attrezzo;M
attributo;M
attrice;F
attrito;M
attualita';F
attuazione;F
audiologia;F
audiologico;F
audiologo;M
auditorium;M
audizione;F
augurio;M
aula;F
aumento;M
aurora;F
auspicio;M
australiano;F
autista;F
auto;F
autoadesivo;F
autobiografia;F
autobus;M
autocastrazione;F
autocertificazione;F
autocreazione;F
autodeterminazione;F
autogestione;F
autoguarigione;F
automatico;F
automezzo;M
automobile;F
automobilismo;M
automobilista;F
autonoleggio;M
autonomia;F
autonomista;F
autoradio;F
autore;M
autorita';F
autoritarismo;M
autorizzazione;F
autostrada;F
autoveicolo;M
autovettura;F
autunno;M
avallo;M
avanguardia;F
avanzamento;M
avanzata;F
avanzo;M
avarizia;F
avere;M
avidita';F
avorio;F
avvenimento;M
avvenire;F
avvento;M
avventura;F
avverbio;M
avversario;F
avvertimento;M
avvicinamento;M
avvio;M
avvisatore;M
avviso;M
avvocato;M
avvocatura;F
azalea;F
azienda;F
azione;F
azionista;F
azteco;F
azzeramento;M
azzurro;M
babbo;M
baccala';M
bacinella;F
bacino;M
bacio;M
baco;M
baffo;M
bagaglio;M
bagno;M
baiocco;M
balconcino;M
balena;F
balla;F
ballo;M
ballottaggio;M
balordo;F
balza;F
bambina;F
bambino;F
banca;F
bancale;M
bancarella;F
bancario;F
bancarotta;F
banchetto;M
banchiere;M
banco;M
banda;F
bandiera;F
banditismo;M
bandito;F
bar;M
bara;F
baracca;F
baracchino;M
baraonda;F
baratto;M
barattolo;M
barba;F
barbarie;F
barbaro;F
barbiere;M
barca;F
barese;M
barista;F
barocco;F
barone;M
barra;F
barretta;F
barricata;F
barriera;F
barzelletta;F
base;F
basilico;M
basket;M
bassezza;F
basso;M
bassotto;M
bastardata;F
bastardo;F
bastonata;F
bastone;M
battaglia;F
batteria;F
batterio;M
battesimo;M
battiscopa;M
battuta;F
baule;M
bava;F
bavaglino;M
bazza;F
beatificazione;F
beffa;F
bellezza;F
bellicista;F
bello;M
bene;M
beneficenza;F
beneficio;M
benemerenza;F
benessere;M
benestante;F
benestare;M
bengalese;M
beniamino;M
bentornato;M
benvenuto;F
benzina;F
bermuda;F
bernarda;F
bersaglio;M
besciamella;F
bestia;F
bestiame;M
bettola;F
bevanda;F
biancheria;F
bianco;M
bibbia;F
biberon;M
bibita;F
bibliografia;F
biblioteca;F
bica;F
bicameralismo;M
bicchiere;M
bicicletta;F
bide';M
bidello;M
bidet;M
biennale;F
biennio;M
bigiotteria;F
biglietto;M
bilabiale;F
bilancia;F
bilanciamento;M
bilancio;M
bilingue;F
bilinguismo;M
bimbo;M
bimestre;M
binario;M
binocolo;M
biografia;F
biologia;F
biologo;M
biondo;F
bip;F
birbante;F
biro;F
birra;F
bisante;M
bischerata;F
bischero;M
biscotto;F
bisogna;F
bisogno;M
bistecca;F
blocchetto;M
blocco;M
blu;F
bocca;F
bocchetta;F
boccia;F
bocciatura;F
body;M
boia;F
boicottaggio;M
bolide;M
bolla;F
bolletta;F
bollettino;M
bollo;M
bolognese;F
bomba;F
bombardamento;M
bombolone;M
bomboniera;F
bonifico;M
bonta';F
bordata;F
bordello;M
bordo;M
borghese;F
borghesia;F
borsa;F
borsino;M
borsista;F
bosco;M
bossolo;M
botanica;F
botta;F
botte;F
botteghino;M
bottiglia;F
botto;M
bottone;M
bozza;F
braca;F
braccetto;M
bracciale;M
bracciantato;M
bracciante;F
braccio;M
bracciolo;M
brace;F
branca;F
branco;M
branda;F
brano;M
brasiliano;F
bravo;F
bravura;F
bresaola;F
bretella;F
brevetto;M
brevita';F
briciola;F
brigadiere;M
brigante;M
brigata;F
brina;F
brivido;M
broccoletto;M
brodino;M
brodo;M
bronchiolo;M
bronchite;F
bronco;M
bronzo;M
bruciatore;M
bruciore;M
brusio;M
brutta;F
brutto;F
buca;F
buccola;F
buco;M
bugiardo;F
buio;F
bulldog;M
buna;F
buoncostume;F
buongiorno;M
buono;M
buonumore;M
burattino;M
burocrate;F
burocratizzazione;F
burocrazia;F
burro;M
busta;F
cabina;F
cacata;F
cacca;F
cacchio;M
caccia;F
cacciata;F
cacciatore;M
cacciavite;M
cachemire;M
cadavere;M
cadenza;F
caduta;F
caduto;F
caffe';F
caffettiera;F
cafone;F
cagata;F
caio;M
calabrese;F
calamita';F
calciatore;M
calcio;M
calco;M
calcolo;M
calcolosi;F
caldaia;F
calderone;M
caldo;F
calendario;M
calesse;M
calibro;M
calma;F
calo;M
calore;M
calorifero;M
calunnia;F
calura;F
calvario;M
calza;F
calzino;M
calzone;M
cambiale;F
cambiamento;M
cambiavalute;F
cambio;M
camera;F
cameriere;M
camicetta;F
camicia;F
camion;M
camioncino;M
cammino;M
camorra;F
camorrista;F
campagna;F
campana;F
campanella;F
campanello;M
campanile;M
campeggio;M
campigiano;M
campionario;F
campionato;M
campione;M
campo;M
canadese;F
canale;M
cancellata;F
cancellatura;F
cancellazione;F
cancelleria;F
cancelliere;M
cancello;M
candela;F
candidato;F
candidatura;F
cane;M
canile;F
canino;F
canna;F
cannolo;M
cannone;M
cannuccia;F
canone;M
canovaccio;M
cantante;F
cantautore;M
cantiere;M
cantina;F
canto;M
cantone;M
cantore;M
canzone;F
caos;M
capa;F
capacita';F
capello;M
capellone;F
capienza;F
capitale;M
capitalismo;M
capitano;M
capitolare;M
capitolato;M
capitolo;M
capo;M
capofamiglia;F
capofila;F
capogruppo;F
capolavoro;M
capolinea;F
capoluogo;M
caponata;F
caposaldo;M
capotreno;F
capoverso;M
capovolgimento;M
capozona;F
cappa;F
cappelletto;M
cappello;M
cappotto;M
cappuccino;F
cappuccio;M
capra;F
capraio;M
capretto;M
capriccio;M
capsula;F
carabiniere;M
caraffa;F
caramella;F
carato;M
carattere;M
caratteristica;F
caratterizzazione;F
carbonato;M
carbone;M
carburante;F
carcassa;F
carcerazione;F
carcere;M
carciofo;M
cardinale;F
cardine;M
cardioterapia;F
carenza;F
carestia;F
carezza;F
carica;F
caricabatteria;M
caricatore;F
carico;F
carisma;M
carita';F
carlino;M
carne;F
carnefice;F
carnevale;M
caro;F
carogna;F
carosello;M
carota;F
carpaccio;M
carrello;M
carriera;F
carro;M
carrozza;F
carrozzella;F
carrozzeria;F
carrozziere;M
carrozzone;M
carta;F
cartaccia;F
cartaio;M
cartella;F
cartellina;F
cartellino;M
cartello;M
cartiera;F
cartina;F
cartolina;F
cartomante;F
cartoncino;M
cartone;M
cartongesso;M
cartuccia;F
casa;F
casacca;F
casale;M
casalinga;F
casato;M
casco;F
casella;F
casello;M
caserma;F
casertano;F
casino;M
casistica;F
caso;M
casotto;M
cassa;F
cassaforte;F
cassazione;F
cassetta;F
cassettiera;F
cassetto;M
cassintegrato;F
castagna;F
castello;M
catalizzatore;F
catalogazione;F
catalogo;M
catarro;M
catastrofe;F
catechismo;M
categoria;F
catena;F
catetere;M
cattedra;F
cattiveria;F
cattivo;F
cattolicesimo;M
cattolico;F
cattura;F
causa;F
causale;F
cava;F
cavalcavia;M
cavaliere;M
cavalleria;F
cavallo;M
cavo;F
cavolo;M
cazzata;F
cazzo;M
cazzotto;M
cece;M
cecita';F
cedolino;M
celerino;M
celeste;M
celibe;F
cella;F
cellula;F
cellulare;F
cellulite;F
cellulosa;F
cemento;M
cena;F
cencio;M
cenno;M
censimento;M
censura;F
centesimo;F
centigrado;F
centimetro;M
centinaio;M
centrale;F
centralinista;F
centralino;M
centralismo;M
centralista;F
centro;M
centro-sinistra;M
ceppa;F
ceppo;M
cera;F
cercatore;F
cerchio;M
cerimonia;F
cerone;M
certezza;F
certificato;F
certo;F
cervello;M
cervo;M
cespuglio;M
cessazione;F
cessione;F
cesso;M
cesto;M
chiacchiera;F
chiacchierata;F
chiamata;F
chiarezza;F
chiarimento;M
chiaro;F
chiaroscuro;M
chiave;F
chiesa;F
chilo;M
chilogrammo;M
chilometro;M
chilowatt;M
chimica;F
chimico;F
chiodo;M
chirurgia;F
chirurgo;M
chitarra;F
chitarrista;F
chiusa;F
chiusura;F
cianfrone;M
cibo;M
cicala;F
ciccia;F
ciclamino;F
ciclista;F
ciclo;M
cicuta;F
cieco;F
cielo;M
cifra;F
cilecca;F
cilindro;M
cima;F
cimice;F
cimitero;M
cimurro;M
cinema;M
cinese;F
cineteca;F
ciniglia;F
cinismo;M
cinquina;F
cintura;F
cioccolato;F
ciofeca;F
cipolla;F
cipollone;M
circo;M
circolare;F
circolazione;F
circolo;M
circonferenza;F
circoscrizione;F
circostanza;F
circuito;M
citazione;F
citofono;M
citta';F
cittadinanza;F
cittadino;F
civile;F
civilta';F
clan;M
clandestinita';F
clandestino;F
classe;F
classico;F
classifica;F
classificazione;F
clausola;F
clavicola;F
cliente;F
clientela;F
clima;M
clinica;F
clinico;F
clistere;M
cloro;M
cloruro;M
coabitazione;F
cocca;F
cocchio;M
coccio;M
coccolo;M
cocomero;M
coda;F
codice;M
coercizione;F
coerenza;F
coglione;M
cognac;M
cognata;F
cognato;F
cognome;M
coincidenza;F
coinvolgimento;M
colazione;F
colesterolo;M
colica;F
colite;F
colla;F
collaboratore;M
collaborazione;F
collana;F
collant;F
collaretto;M
collaudo;M
colle;M
collega;F
collegamento;M
collegare;F
collegio;M
collettivista;F
collettivita';F
collettivo;F
colletto;M
collettore;F
collezione;F
collezionista;F
collina;F
collirio;M
collo;M
collocazione;F
colloquio;M
collusione;F
colomba;F
colombo;M
colonialismo;M
colonizzato;F
colonizzazione;F
colonna;F
colonnello;M
colore;M
colorificio;M
colpa;F
colpevole;F
colpevolezza;F
colpevolista;F
colpevolizzazione;F
colpo;M
coltello;M
coltivare;F
colto;F
coma;M
comando;M
combattimento;M
combriccola;F
combustibile;F
come;F
comicita';F
comico;F
comitato;M
comitiva;F
comizio;M
comma;M
commando;M
commedia;F
commediografo;M
commemorazione;F
commento;M
commerciabilita';F
commercialista;F
commerciante;F
commercio;M
commesso;M
commissariamento;M
commissariato;M
commissario;M
commissione;F
committente;F
comodante;F
comodatario;M
comodato;M
comodita';F
comodo;F
compagna;F
compagnia;F
compagno;F
comparazione;F
compare;M
comparizione;F
compasso;M
compatibile;F
compatibilita';F
compendio;M
compensato;F
compenso;M
competente;F
competenza;F
competitivita';F
competizione;F
compiacimento;M
compito;M
compleanno;M
complementare;F
complesso;M
completezza;F
completo;F
complicanza;F
complicazione;F
complimento;M
complotto;M
componente;F
comportamentismo;M
comportamento;M
compositore;F
composizione;F
composto;F
compratore;M
compravendita;F
comprendonio;M
comprensione;F
comprensorio;M
compresenza;F
compressore;F
compromesso;M
compromissione;F
comprova;F
comune;M
comunicare;F
comunicato;F
comunicazione;F
comunione;F
comunismo;M
comunista;F
comunita';F
concausa;F
concentramento;M
concentrazione;F
concerto;M
concessionario;F
concessione;F
concetto;F
concezione;F
conchiglia;F
conciliazione;F
concittadino;F
conclusione;F
concomitanza;F
concordato;F
concorrente;F
concorrenza;F
concorso;M
concretezza;F
concreto;F
concupiscenza;F
condanna;F
condensatore;M
condensazione;F
condizionale;F
condizionamento;M
condizionatore;F
condizione;F
condominio;M
condomino;M
condono;M
condotta;F
conduttore;F
conduzione;F
conferenza;F
conferma;F
confermare;F
confessione;F
confetto;F
confezione;F
confidenza;F
configurazione;F
confine;M
confino;M
conflitto;M
conflittualita';F
confluenza;F
conforto;M
confronto;M
confusione;F
congedo;M
congelatore;M
congiunzione;F
congratulazione;F
congresso;M
conguaglio;M
conifera;F
conio;M
coniugare;F
coniuge;F
connessione;F
connivenza;F
connotazione;F
connubio;M
cono;M
conoscente;F
conoscenza;F
conoscitore;M
conquista;F
consacrazione;F
consapevolezza;F
consegna;F
conseguenza;F
consenso;M
conservatorio;F
conservazione;F
considerazione;F
consigliere;M
consiglio;M
consistenza;F
consolato;M
consolazione;F
consolidamento;M
consonante;F
consonanza;F
consorella;F
consorzio;M
constatazione;F
consuetudine;F
consulente;F
consulenza;F
consulta;F
consultazione;F
consultivo;F
consulto;M
consultorio;F
consumatore;F
consumo;M
conta;F
contabilita';F
contachilometri;M
contadino;F
contagio;M
contagiri;M
contante;F
contatore;M
contatto;M
conte;M
contea;F
conteggio;M
contemplazione;F
contemporaneita';F
contentezza;F
contentino;M
contenuto;F
contenzione;F
contenzioso;F
contestazione;F
contesto;M
continente;M
contingente;F
contingenza;F
continuazione;F
continuita';F
continuo;F
conto;M
contrabbando;M
contraccambio;M
contraccolpo;M
contraddittorio;F
contraddizione;F
contraltare;M
contrappeso;M
contrapposizione;F
contrarieta';F
contrario;F
contrasto;M
contrattazione;F
contrattista;F
contratto;M
contributo;M
contribuzione;F
controindicazione;F
controinformazione;F
controllo;M
contromarca;F
controparte;F
controsenso;F
controsoffittatura;F
controsoffitto;M
controversia;F
contumelia;F
convalida;F
convegno;M
convenienza;F
convento;M
convenuto;F
convenzione;F
convergenza;F
conversazione;F
conversione;F
convincimento;M
convinzione;F
convivenza;F
convocazione;F
convulsione;F
cooperativa;F
cooperazione;F
coordinamento;M
coordinatore;F
coperchio;M
coperta;F
copertina;F
copertura;F
copia;F
copione;M
coppa;F
coppia;F
copriletto;M
coprimaterasso;M
coprirete;M
coraggio;F
corano;M
corda;F
cordata;F
cordialita';F
cordicella;F
cordone;M
cornetto;M
cornice;F
corno;M
cornucopia;F
coro;M
corollario;M
corona;F
corpo;M
corredo;M
correlazione;F
corrente;M
correre;F
correttezza;F
correttivo;F
correzione;F
corridoio;M
corriere;M
corrispettivo;F
corrispondente;F
corrispondenza;F
corruzione;F
corsa;F
corsia;F
corsista;F
corsivo;F
corso;M
corte;F
corteccia;F
corteo;M
cortesia;F
cortile;M
cortina;F
corve';F
cosa;F
coscia;F
coscienza;F
coscio;M
coso;M
costa;F
costellazione;F
costipazione;F
costituzione;F
costo;M
costola;F
costruttore;F
costruzione;F
costume;M
cotone;M
cottura;F
cozza;F
crampo;M
cravatta;F
creativita';F
creato;M
creatore;F
creatura;F
creazione;F
credenza;F
credibilita';F
credito;M
creditore;M
credo;M
crema;F
crescita;F
cretinata;F
cretino;F
cria;F
cric;M
criminalita';F
criminalizzazione;F
crisi;F
crisma;M
cristalleria;F
cristallo;M
cristianesimo;M
cristiano;F
cristo;F
criterio;M
critica;F
critico;F
croce;F
crocerossina;F
crocicchio;M
crocifisso;F
crocino;M
crogiuolo;M
crollo;M
cromia;F
cronaca;F
cronologia;F
cronometro;M
crosta;F
crostino;M
cruciverba;M
crudelta';F
crudezza;F
crusca;F
cubano;M
cubo;F
cucchiaino;M
cucchiaio;M
cucco;M
cucina;F
cucito;F
cuffia;F
cugino;M
culaco;M
culattone;M
culo;M
culto;M
cultura;F
cumulo;M
cuneo;M
cuoco;M
cuoio;M
cuore;M
cura;F
curato;F
curatore;M
curdo;M
curiosita';F
cursore;M
curva;F
cuscino;M
custode;F
custodia;F
damigella;F
danaro;M
danno;M
dare;M
darsena;F
data;F
dato;F
dea;F
debito;M
debitore;F
debolezza;F
debutto;M
decadenza;F
decennale;F
decennio;M
decentramento;M
decesso;M
decibel;M
decifrazione;F
decisione;F
declino;M
decollo;M
decorazione;F
decoro;M
decreto;M
decumano;F
dedica;F
deferenza;F
deficiente;F
definizione;F
defunto;F
degenerazione;F
degrado;M
delatore;M
delazione;F
delega;F
delegato;F
delegazione;F
delegificazione;F
delibera;F
deliberazione;F
delimitazione;F
delinquente;F
delirio;M
delitto;M
delizia;F
delta;M
delucidazione;F
delusione;F
demagogia;F
demarcazione;F
demo;M
democratico;F
democrazia;F
demolitore;F
demone;M
demonio;M
demonologia;F
denaro;M
denominatore;F
denominazione;F
densita';F
dente;M
dentifricio;M
dentista;F
denuncia;F
deontologia;F
depenalizzazione;F
depliant;M
deposito;M
deposizione;F
depressione;F
depresso;F
depuratore;F
deputato;F
derivata;F
deroga;F
derrata;F
descrizione;F
deserto;M
desiderio;M
destinatario;M
destinazione;F
destino;M
destituzione;F
destra;F
destro;F
detenuto;F
detenzione;F
deterioramento;M
determinazione;F
determinismo;M
deterrente;F
detrattore;M
detrazione;F
dettagliante;F
dettaglio;M
dettato;F
dettatura;F
detto;F
devastazione;F
deviazione;F
diaframma;M
diagramma;M
dialettica;F
dialetto;M
dialettologia;F
dialogo;M
diamante;M
diametro;M
diapositiva;F
diario;F
diarrea;F
diavolo;M
dibattimento;M
dibattito;M
dicembre;M
dichiarante;F
dichiarazione;F
dicitura;F
dicotomia;F
didascalia;F
didattica;F
dieta;F
dietro;F
dietrologia;F
difensore;F
difesa;F
difetto;M
differenza;F
difficolta';F
diffidenza;F
diffusione;F
digiuno;F
dignita';F
digressione;F
diligenza;F
dimagrimento;M
dimensione;F
dimestichezza;F
diminutivo;F
diminuzione;F
dimissione;F
dimora;F
dimostrante;F
dimostrazione;F
dinamica;F
dinamismo;M
dinastia;F
dintorno;F
dio;M
dipartimento;M
dipendente;F
dipendenza;F
diploma;M
diplomazia;F
dire;M
diretta;F
direttiva;F
direttivo;F
diretto;F
direttore;F
direzione;F
dirigente;F
dirigenza;F
diritto;M
disagio;M
disastro;M
disattenzione;F
discapito;M
discendente;F
discepolo;M
dischetto;M
disciplina;F
disco;M
discolpa;F
discorso;M
discoteca;F
discrezionalita';F
discrezione;F
discriminazione;F
discussione;F
disdetta;F
disegnatore;M
disegno;M
disfacimento;M
disfattista;F
disfunzione;F
disgelo;M
disgrazia;F
disgraziato;M
disgregazione;F
disgusto;M
disinfettante;F
disinformato;F
disinvestimento;M
disinvoltura;F
disistima;F
dismisura;F
disobbedienza;F
disoccupato;F
disoccupazione;F
disonesto;F
disordine;M
disparita';F
dispensa;F
disperazione;F
dispersione;F
dispetto;M
dispiacere;M
disponibilita';F
disposizione;F
disprezzo;M
disputa;F
disquisizione;F
dissapore;M
disservizio;M
dissipazione;F
dissociato;F
dissociazione;F
dissoluzione;F
dissolvenza;F
distacco;M
distanza;F
distanziatore;F
distensione;F
distinguo;M
distinta;F
distinzione;F
distorsione;F
distretto;M
distribuzione;F
distruzione;F
disturbo;M
dito;M
ditta;F
dittatore;M
dittatura;F
divagazione;F
divano;M
divario;M
divergenza;F
diversificazione;F
diversita';F
divertimento;M
divieto;M
divinita';F
divino;F
divisa;F
divisione;F
divorziato;F
divulgatore;F
divulgazione;F
dizionario;M
dizione;F
doccia;F
docente;F
docenza;F
documentario;F
documentazione;F
documento;M
doga;F
dolce;F
dolcezza;F
dolenzia;F
dollaro;M
dolore;M
domanda;F
domani;F
domenica;F
domestico;F
domiciliato;F
domicilio;M
dominatore;F
dominazione;F
dominio;M
domino;M
don;M
donatore;F
donazione;F
donna;F
dono;M
dopoguerra;M
doppio;F
doppione;M
dormire;F
dosaggio;M
dose;F
dosso;M
dotazione;F
dote;F
dottorando;M
dottorato;M
dottore;M
dottrina;F
dovere;M
drago;M
dramma;F
drammaticita';F
droga;F
drogato;F
dubbio;M
ducato;M
duello;M
duma;F
duna;F
duomo;M
durata;F
duro;M
ebanisteria;F
ebbrezza;F
ebollizione;F
ebreo;F
eccellenza;F
eccesso;M
eccezione;F
ecloga;F
eco;F
ecocardiogramma;M
ecografia;F
economia;F
edema;M
edicola;F
edificio;M
edile;F
edilizia;F
editore;F
editoria;F
editoriale;M
edizione;F
edonismo;M
educatore;M
educazione;F
effe;F
effettivo;F
effetto;M
efficacia;F
efficienza;F
egemonia;F
egiziano;F
egoismo;M
egoista;F
elaboratore;F
elaborazione;F
elasticita';F
elastico;F
elefante;M
elegante;F
eleganza;F
eleggibilita';F
elementare;F
elemento;M
elemosina;F
elencazione;F
elenco;M
elettorato;M
elettore;M
elettricista;F
elettrocalamita;F
elettrodomestico;M
elettromeccanico;F
elettronica;F
elezione;F
elicottero;M
eliminazione;F
ellenismo;M
elogio;M
eloquio;M
emancipazione;F
emarginato;F
emarginazione;F
ematoma;M
emblema;M
embrione;M
emendamento;M
emendazione;F
emergenza;F
emigrante;F
emigrato;F
emigrazione;F
emiliano;F
emissione;F
emittente;F
emittenza;F
emme;F
emorroide;F
emozione;F
encefalite;F
enciclopedia;F
endomorfismo;M
energia;F
enoteca;F
ente;M
entelechia;F
entita';F
entrata;F
entropia;F
entusiasmo;M
enunciato;F
enunciazione;F
epicureismo;M
episodio;M
epoca;F
equalizzatore;M
equatore;M
equilibrio;M
equita';F
equivalente;F
equivalenza;F
equivoco;F
era;F
erario;M
erba;F
erbetta;F
erboristeria;F
erede;F
eredita';F
ereditarieta';F
eresia;F
eretico;F
ergastolano;M
ergastolo;M
ermetismo;M
eroe;M
erre;M
errore;M
erta;F
erudizione;F
esagerazione;F
esalazione;F
esame;M
esasperazione;F
esattezza;F
esaurimento;M
esca;F
esclusione;F
esclusiva;F
esclusivista;F
esclusivita';F
escursione;F
esecutivo;F
esecutore;M
esecuzione;F
esempio;M
esemplare;M
esemplificazione;F
esenzione;F
esercitazione;F
esercito;M
esercizio;M
esibizione;F
esigenza;F
esilio;M
esistenza;F
esito;M
esoscheletro;M
espansione;F
espansionismo;M
espatrio;M
espediente;F
esperienza;F
esperimento;M
esperto;F
esplosione;F
esponente;F
esportazione;F
espositore;F
esposizione;F
esposto;F
espressione;F
espresso;F
espulsione;F
esse;F
essenza;F
essenziale;F
essere;M
est;M
estate;F
estense;F
estensione;F
esterno;F
estero;F
estetista;F
estimo;M
estorsione;F
estraneita';F
estraneo;F
estratto;F
estrazione;F
estremismo;M
estremista;F
estremita';F
estremo;F
esule;F
esultanza;F
eta';F
etere;M
eternita';F
etichetta;F
etimologia;F
etnia;F
etologo;M
etrusco;F
ettaro;M
eucarestia;F
europeismo;M
europeista;F
europeo;M
evangelista;M
evangelizzazione;F
evasione;F
evasore;M
evento;M
eventualita';F
eversione;F
evidenza;F
evidenziatore;F
evoluzione;F
extracomunitario;F
fabbisogno;M
fabbrica;F
faccenda;F
faccia;F
facciata;F
facilita';F
facilitazione;F
facolta';F
fagiano;M
fagiolo;M
falce;F
falegname;M
falena;F
fallimento;M
fallito;F
fallo;M
fama;F
fame;F
famiglia;F
familiare;F
familiarita';F
fanatismo;M
fantascienza;F
fantasia;F
fantasma;M
fantastico;F
faraona;F
fare;M
farfalla;F
farfallina;F
farina;F
faringe;F
farmacia;F
farmacista;F
fascia;F
fascicolo;M
fascio;M
fascismo;M
fascista;F
fase;F
fastidio;M
fata;F
fatalita';F
fatica;F
faticosita';F
fattibilita';F
fattispecie;F
fatto;F
fattore;M
fattoria;F
fattorino;M
fattura;F
fatturato;F
fatturazione;F
fauna;F
favola;F
favore;M
favoritismo;M
fazione;F
fazzoletto;M
febbraio;M
febbre;F
fede;F
fedelta';F
federa;F
federalismo;M
federazione;F
fegato;M
felce;F
felicita';F
felpa;F
feltro;M
femmina;F
femminiello;M
femminismo;M
femminista;F
femore;M
fendente;F
fenditura;F
fenicio;F
fenomeno;M
ferita;F
ferito;F
fermata;F
fermento;M
fermezza;F
fermo;F
ferragosto;M
ferro;M
ferrovia;F
ferroviere;M
fervore;M
fesseria;F
fesso;F
festa;F
festeggiato;M
festino;M
fetente;F
feticcio;M
fetta;F
fettina;F
fettuccina;F
feudalesimo;M
feudatario;F
feudo;M
fiaba;F
fiaccolata;F
fiamma;F
fiammifero;F
fiancata;F
fianco;M
fiasco;M
fiato;M
fibbia;F
fibra;F
fica;F
fico;M
fidanzata;F
fidanzato;F
fido;M
fiducia;F
fiera;F
fifa;F
figlia;F
figlio;M
figliolo;M
figura;F
figuraccia;F
fila;F
filato;F
filetto;M
filiale;F
filippica;F
film;M
filmato;F
filo;M
filologia;F
filone;M
filosofia;F
filosofo;M
filtro;M
finale;F
finalista;F
finalita';F
finanza;F
finanziamento;M
finanziaria;F
finanziario;F
finanziere;M
finestra;F
finestrino;M
finocchio;M
finocchiona;F
finta;F
fiocco;M
fioraio;M
fiordo;M
fiore;M
fiorentina;F
fiorentino;F
fiorino;M
firma;F
firmatario;F
fiscalismo;M
fiscalizzazione;F
fiscella;F
fischietto;M
fischio;M
fisco;M
fisica;F
fisico;F
fisiochinesiterapia;F
fisiologia;F
fisionomia;F
fisioterapia;F
fisioterapista;F
fissa;F
fitoterapia;F
fiume;M
flacone;M
flagranza;F
flauto;M
flora;F
fluenza;F
fluido;F
flusso;M
foca;F
fodera;F
foggia;F
foglia;F
fogliame;M
foglio;M
folata;F
folklore;M
folla;F
follia;F
fondamento;M
fondatezza;F
fondatore;M
fondazione;F
fondo;M
fonema;M
fonetica;F
fonetista;F
fonogramma;M
fontana;F
fonte;M
forbice;F
forchetta;F
foresta;F
foresteria;F
forma;F
formaggio;M
formalita';F
formato;F
formatore;F
formazione;F
formica;F
formula;F
formulazione;F
fornaio;M
fornello;M
fornetto;M
fornitore;F
fornitura;F
forno;M
foro;M
forte;M
fortuna;F
forza;F
forzatura;F
fossa;F
fossato;M
fosso;M
foto;F
fotocopia;F
fotocopiatrice;F
fotografia;F
fotografo;M
fotogramma;M
frammentazione;F
frammento;M
francescano;F
francese;F
francesistica;F
franchezza;F
franco;M
francobollo;M
frangia;F
frase;F
frate;M
fratello;M
frattempo;M
frattura;F
frazione;F
freccetta;F
freccia;F
frecciata;F
freddo;F
fregola;F
fremito;M
frenesia;F
freno;M
frequentazione;F
frequenza;F
freschezza;F
fresco;F
fretta;F
fricativa;F
frigo;M
frigorifero;F
frittella;F
fritto;F
frizione;F
frocio;F
frode;F
fronda;F
fronte;F
frontiera;F
fruitore;M
fruizione;F
frullino;M
fruscio;M
frustata;F
frustrazione;F
frutta;F
fruttivendolo;M
frutto;M
fucile;M
fuga;F
fulcro;M
fulmine;M
fumatore;M
fumetto;M
fumo;F
funerale;F
fungo;M
funzionalita';F
funzionamento;M
funzionario;M
funzione;F
fuoco;M
fuori;M
fuoribordo;F
fuoriuscita;F
furbo;M
furgone;M
furia;F
fusa;F
fusione;F
fusto;M
futuro;M
gabbia;F
gabinetto;M
gadgettistica;F
gagliardetto;M
galera;F
galleggiamento;M
galleria;F
gallicismo;M
gallina;F
gamba;F
gambaletto;M
gamma;F
ganascia;F
gancio;M
gara;F
garage;M
garante;F
garanzia;F
garbo;M
garza;F
garzone;M
gas;M
gassosa;F
gatta;F
gatto;M
gaudio;M
gazzetta;F
gel;M
gelato;F
gelosia;F
gemellaggio;M
generale;F
generalita';F
generazione;F
genere;M
genero;M
generosita';F
genesi;F
genio;M
genitore;M
gennaio;M
genovese;F
gentaglia;F
gente;F
gentile;M
gentilezza;F
geografia;F
geometra;F
geometria;F
gerarchia;F
geriatra;F
germanizzazione;F
gesso;M
gestazione;F
gestione;F
gesto;M
gestore;M
gesuita;F
gettone;M
ghiaccio;M
ghiro;M
ghisa;M
giacca;F
giacobino;F
giallo;F
giapponese;F
giardino;M
gile';M
ginecologo;M
ginestra;F
ginnastica;F
ginocchio;M
giocatore;M
giocattolo;M
gioco;M
gioia;F
gioielleria;F
gioiello;M
giornalaio;M
giornale;F
giornalismo;M
giornalista;F
giornata;F
giorno;M
giovamento;M
giovane;F
giovanetto;F
giovanotto;M
giovedi';M
gioventu';F
giovinotto;M
girata;F
girato;M
giro;M
girone;M
girotondo;M
gita;F
giudice;F
giudizio;M
giugno;M
giunta;F
giuramento;M
giureconsulto;M
giuria;F
giurisprudenza;F
giurista;F
giustificazione;F
giustizia;F
giusto;M
glaciazione;F
gleba;F
gloria;F
glottodidattica;F
gluteo;F
gnocco;M
goccia;F
godimento;M
gola;F
golf;M
golfo;M
golpista;F
gomma;F
gommone;M
gonfiore;M
gonna;F
gorgonzola;M
gota;F
gotico;F
gotta;F
governante;F
governatore;M
governo;M
gradazione;F
gradimento;M
gradino;M
grado;M
graduatoria;F
graffettatrice;F
graffio;M
graffito;M
grafica;F
gragnuola;F
grammatica;F
grammo;M
grana;M
granaio;M
granato;M
grancassa;F
grandangolo;M
grande;M
grandezza;F
granello;M
grano;M
grappa;F
grappetta;F
grappolo;M
grasso;F
grave;F
gravidanza;F
gravita';F
grazia;F
greca;F
greco;F
grigio;F
griglia;F
grigliata;F
grigliato;M
grissino;M
grossista;F
grosso;M
grottesco;F
groviglio;M
gruppetto;M
gruppo;M
guadagno;M
guaglione;M
guaio;M
guancia;F
guanciale;F
guardata;F
guardia;M
guardiano;M
guardone;M
guarigione;F
guasto;M
guerra;F
guerriero;F
guida;F
guidatore;M
guinzaglio;M
guru;M
guscio;M
gusto;M
handicappato;F
iconografia;F
idea;F
ideale;F
identificazione;F
identikit;M
identita';F
ideologia;F
ideologo;M
idiota;F
idolatria;F
idrato;F
idraulico;F
iella;F
ieri;F
igiene;F
igienista;F
ignorante;F
ignoranza;F
ignorare;F
illecito;F
illegalita';F
illegittimita';F
illusione;F
illustrazione;F
iloto;M
imbarazzo;M
imbarbarimento;M
imbarcazione;F
imbecille;F
imbottitura;F
imbroglio;M
imene;M
imitazione;F
immaginario;F
immagine;F
immediatezza;F
immensita';F
immigrato;F
immigrazione;F
immobile;F
immunita';F
impaccio;M
impaginato;M
impaginazione;F
impalcatura;F
impatto;M
impegno;M
imperatore;M
imperialismo;M
imperialista;F
impermeabile;F
impero;M
impersonalita';F
impianto;M
impiccio;M
impiegato;F
impiego;M
implicazione;F
importante;F
importanza;F
importo;M
imposizione;F
impossibile;F
impossibilita';F
imposta;F
impostazione;F
impotenza;F
imprenditore;M
impresa;F
impressione;F
imprestito;M
imprevisto;F
improperio;M
improprieta';F
improvviso;M
imprudenza;F
impudenza;F
impugnatura;F
impulso;M
imputato;F
inadeguatezza;F
inadempienza;F
inalazione;F
incapacita';F
incarico;M
incarnazione;F
incasso;M
incavo;M
incazzatura;F
incentivazione;F
incentivo;M
incertezza;F
inchiesta;F
incidente;M
incisivita';F
incisore;F
incivilta';F
inclemenza;F
inclinazione;F
incoerenza;F
incolumita';F
incompatibilita';F
incongruenza;F
incontro;M
inconveniente;F
incoraggiamento;M
incoscienza;F
incremento;M
incrinatura;F
incrocio;M
incubazione;F
indagato;F
indagine;F
indebitamento;M
indennita';F
indiano;F
indicatore;F
indicazione;F
indice;F
indifferenza;F
indigeno;F
indigente;F
indipendente;F
indipendenza;F
indirizzario;M
indirizzo;M
indispensabilita';F
indisponibilita';F
individualismo;M
individualita';F
individualizzazione;F
individuazione;F
individuo;F
indizio;M
indole;F
indolenza;F
indomani;F
indugio;M
industria;F
industriale;F
industrializzazione;F
inerzia;F
inesistenza;F
infanzia;F
infarinatura;F
infarto;M
infedelta';F
inferiorita';F
infermiere;M
inferno;F
infettante;F
infezione;F
infiammazione;F
infingimento;M
infinita';F
infinito;F
inflazione;F
inflessione;F
influenza;F
influsso;M
infondatezza;F
informatica;F
informatore;F
informazione;F
infortunio;M
infortunistica;F
infrastruttura;F
infrazione;F
inganno;M
ingegnere;M
ingegneria;F
ingenuita';F
ingessatura;F
inghippo;M
ingiustizia;F
inglese;F
ingombro;M
ingrandimento;M
ingranditore;F
ingrediente;M
ingresso;M
ingrosso;M
inguine;M
inimicizia;F
iniquita';F
iniziativa;F
iniziazione;F
inizio;M
innamoramento;M
innamorato;F
inno;M
innocente;F
innocenza;F
innovazione;F
inoltro;M
inquadramento;M
inquadratura;F
inquieto;F
inquietudine;F
inquilino;M
inquinamento;M
insalata;F
insalatiera;F
insaputa;F
insediamento;M
insegnamento;M
insegnante;F
insenatura;F
inserimento;M
inserto;F
inserviente;F
inserzione;F
insetto;M
insicurezza;F
insieme;F
insinuazione;F
insistenza;F
insoddisfazione;F
insofferenza;F
insolvenza;F
insomma;F
insopportabilita';F
instabilita';F
installazione;F
insuccesso;M
insufficienza;F
insulto;M
intangibilita';F
integralismo;M
integrativo;F
integrazione;F
integrita';F
intelletto;M
intellettuale;F
intelligenza;F
intendimento;M
intento;M
intenzione;F
interazione;F
interclassista;F
interculturalismo;M
interessamento;M
interessato;F
interesse;M
interezza;F
interferenza;F
interlinea;F
interlocutore;M
interlocuzione;F
intermediazione;F
internazionalismo;M
interno;F
intero;F
interposizione;F
interpretazione;F
interprete;F
interrogativo;F
interrogazione;F
interruzione;F
interscambio;M
interspazio;M
interurbano;F
intervallo;M
intervento;M
interventore;M
intervista;F
intervistatore;M
intesa;F
intestazione;F
intimo;F
intoppo;M
intossicazione;F
intraprendenza;F
intrattenimento;M
intreccio;M
intrigo;M
introduzione;F
intromissione;F
introversione;F
intruso;F
intuizione;F
inutilita';F
invadenza;F
invalidita';F
invasione;F
inventario;M
inventiva;F
inventore;F
invenzione;F
inverno;M
inversione;F
inverso;M
investimento;M
investitore;F
inviato;F
invitato;F
invito;M
invogliamento;M
involucro;M
io;M
ipallage;F
ipertensione;F
ipoteca;F
ipotesi;F
ippopotamo;M
ippoterapia;F
ira;F
iracheno;F
ironia;F
irrazionale;F
irruenza;F
iscritto;F
iscrizione;F
isiaco;M
islam;M
ismo;M
isola;F
isolamento;M
isolato;M
ispettorato;M
ispezione;F
ispirazione;F
istallazione;F
istante;M
istanza;F
isteria;F
istinto;M
istituto;M
istituzione;F
istogramma;M
istruttore;M
istruttoria;F
istruzione;F
italiano;M
itinerario;M
jazzista;F
la;M
labbro;M
laboratorio;M
lacca;F
lacone;M
lacrima;F
lacuna;F
ladra;F
ladro;F
lago;M
lama;F
lambretta;F
lamentela;F
lametta;F
lamiera;F
lamina;F
lampada;F
lampione;M
lana;F
lancio;M
lapide;F
lappone;M
larghezza;F
larva;F
lasciapassare;M
lasso;M
lastra;F
laterale;F
latino;F
latitante;F
lato;M
latore;F
latta;F
latte;F
latticino;M
lattina;F
lattuga;F
laude;F
laurea;F
laureando;F
laureato;F
lavaggio;M
lavagna;F
lavanderina;F
lavandino;M
lavatrice;F
lavoratore;F
lavorazione;F
lavoretto;M
lavoro;M
lealta';F
lega;F
legalita';F
legalizzazione;F
legame;M
legenda;F
legge;F
leggenda;F
leghismo;M
leghista;F
legione;F
legislatore;M
legislatura;F
legislazione;F
legittimita';F
legno;M
legume;M
lei;F
leninista;F
lente;F
lentezza;F
lenzuolo;M
leone;M
lesione;F
lessico;M
letargo;M
lettera;F
letterato;F
letteratura;F
lettino;M
letto;F
lettore;M
lettura;F
leva;F
levante;F
levatura;F
levetta;F
levita;M
lezione;F
liberale;F
liberalismo;M
liberalizzazione;F
liberazione;F
liberismo;M
liberista;F
libero;M
liberta';F
libidine;F
libreria;F
libretto;M
libro;M
licenza;F
licenziamento;M
liceo;M
licitazione;F
lido;M
lilla;M
lima;F
limitazione;F
limite;F
limone;F
linea;F
linfa;F
lingua;F
linguaggio;M
linguista;F
linguistica;F
linguistico;F
lino;M
liquidatore;F
liquidazione;F
liquido;F
liquirizia;F
lira;F
lista;F
listino;M
lite;F
litigata;F
litorale;F
litoranea;F
litro;M
liturgia;F
livello;M
livornese;F
locale;F
localita';F
localizzazione;F
locazione;F
loco;M
loculo;M
locuzione;F
lode;F
logaritmo;M
loggia;F
logica;F
lombaggine;F
lombardo;F
longobardo;F
lontananza;F
lordo;F
lordosi;F
lotta;F
lotteria;F
lotto;M
luce;F
lucentezza;F
lucidalabbra;M
lucidante;F
lucidista;F
lucro;M
luglio;M
lui;M
lume;M
luna;F
lunedi';M
lungaggine;F
lunghezza;F
lungolinea;M
luogo;M
lupo;M
lusso;M
lutto;M
macchia;F
macchina;F
macchinario;M
macedone;F
macellaio;M
macello;M
maceria;F
macero;M
machismo;M
maco';M
macrosistema;M
madonna;F
madre;F
madrelingua;F
madrepatria;F
maestra;F
maestro;F
mafia;F
magazziniere;M
magazzino;M
maggio;M
maggioranza;F
maggiore;F
magia;F
magistero;M
magistrale;F
magistrato;M
magistratura;F
maglia;F
maglieria;F
maglietta;F
maglione;M
magnificenza;F
mago;F
maiale;M
maiuscola;F
malachite;F
malafede;F
malato;F
malattia;F
malavita;F
male;M
maledizione;F
malessere;M
malformazione;F
malgoverno;M
malignita';F
malincuore;M
malore;M
maltrattamento;M
malva;F
malvagita';F
malversazione;F
mamma;F
mancanza;F
mandante;F
mandatario;M
mandato;F
mangianastri;M
mangiare;M
mangiata;F
maniaco;F
manica;F
manichetta;F
manico;M
manicomio;M
maniera;F
manifestazione;F
manifestino;M
manifesto;M
maniglia;F
manna;F
mano;F
manodopera;F
manoscritto;F
manovalanza;F
manovale;M
manovra;F
manso;M
mantello;M
mantenere;F
mantenimento;M
manto;M
manuale;M
manutenzione;F
marca;F
marcantonio;M
marchesa;F
marchese;M
marchingegno;M
marchio;M
marcia;F
marciapiede;M
marcio;F
marco;M
mare;M
marea;F
marescialla;F
maresciallo;M
margine;F
marina;F
marinaio;M
marito;M
mariuolo;M
marmaglia;F
marmellata;F
marmo;M
marmocchio;M
martedi';M
martello;M
martire;F
marxismo;M
marxista;F
marzo;M
mascalzone;F
maschera;F
maschio;F
masnadiero;M
massa;F
massacro;M
massaia;F
massello;M
masseria;F
massimo;F
mastro;F
matassa;F
matematica;F
matematico;F
materassaio;M
materasso;M
materia;F
materiale;F
materialismo;M
materialista;F
maternita';F
matita;F
matrice;F
matricola;F
matrimoniale;F
matrimonio;M
matta;F
mattanza;F
mattina;F
mattinata;F
mattino;M
matto;F
mattone;F
mattonella;F
maturazione;F
maturita';F
mausoleo;M
maxiprocesso;M
maxischermo;M
maya;F
mazzata;F
mazzolino;M
meccanica;F
meccanico;F
meccanismo;M
medaglia;F
media;F
mediatore;F
mediazione;F
medicalizzazione;F
medicina;F
medicinale;F
medico;M
medio;F
mediocre;F
medioevo;M
mediorientale;F
meditazione;F
mega;M
megafono;M
megahertz;M
megalopoli;F
meglio;F
mela;F
melanzana;F
melone;M
membro;M
memoria;F
menabo';M
menata;F
menefreghismo;M
meno;M
menopausa;F
mensile;F
mensola;F
menta;F
mentalita';F
mente;F
meraviglia;F
mercante;M
mercato;M
merce;F
mercoledi';M
merda;F
merdaio;M
merenda;F
meridiano;F
meridionale;F
meridione;M
meriggiare;F
merito;M
merlo;M
mese;M
messa;F
messaggio;M
messia;M
messo;M
mestiere;M
mestruazione;F
meta;F
meta';F
metabolismo;M
metafora;F
metallo;M
metalmeccanico;F
metodo;M
metodologia;F
metro;M
metropoli;F
metropolitana;F
mezza;F
mezzanotte;F
mezzo;M
mezzogiorno;M
mezzora;F
miccia;F
micio;M
microbo;M
microfono;M
midollo;M
miele;F
miglioramento;M
migliore;F
migrazione;F
milanese;F
militante;F
militanza;F
militare;F
millennio;M
millimetro;M
mimosa;F
minaccia;F
minareto;M
minatore;M
minerale;M
minestrone;M
miniabito;M
miniatura;F
miniera;F
minigonna;F
minimo;F
ministero;M
ministro;M
minoranza;F
minore;F
minorenne;F
minuscola;F
minuscolo;F
minuto;M
mira;F
miracolo;M
miraggio;M
miscellanea;F
miserabile;F
miseria;F
misericordia;F
missione;F
mistero;M
misticismo;M
misura;F
misurazione;F
mito;M
mitologia;F
mittente;F
mobile;M
mobilificio;M
mobilitazione;F
moda;F
modalita';F
modellino;M
modellizzazione;F
modello;M
moderatore;F
moderazione;F
modernita';F
modernizzazione;F
moderno;F
modestia;F
modifica;F
modificazione;F
modo;M
modulo;M
moglie;F
mohair;M
molare;M
mole;F
molla;F
molleggio;M
molo;M
molteplicita';F
moltiplicatore;F
moltiplicazione;F
molto;F
momento;M
monaco;M
monarchia;F
monastero;M
mondanizzazione;F
mondiale;F
mondo;F
moneta;F
monetazione;F
monetizzazione;F
monito;M
monitoraggio;M
monologo;M
monomandatario;F
monopolio;M
monsignore;M
montacarichi;M
montaggio;M
montagna;F
montato;F
montatore;F
monte;M
monumento;M
mora;F
morale;F
moralismo;M
moralita';F
morbillo;M
morfologia;F
morsa;F
morso;M
mortadella;F
mortalita';F
morte;F
morto;F
mosaico;M
mosceria;F
moscerino;M
moschea;F
mostra;F
mostro;M
motivazione;F
motivo;M
moto;M
motocicletta;F
motociclo;M
motore;F
motorino;M
motorizzazione;F
motto;M
movimento;M
mozione;F
mozzarella;F
mucca;F
mucchio;M
mucina;F
muffa;F
multa;F
multiculturalismo;M
multinazionale;F
multipartitismo;M
mummia;F
municipalita';F
muraglia;F
muratore;M
muro;M
musa;F
museo;M
musica;F
muso;M
musulmano;M
mutamento;M
mutanda;F
mutandina;F
mutilazione;F
mutua;F
mutuo;M
nanna;F
nano;M
napoletanita';F
napoletano;F
narrativa;F
narratore;M
narrazione;F
nasale;M
nascita;F
nascondino;M
naso;M
nastro;M
natale;F
natura;F
naturalezza;F
naturalista;F
naufrago;M
nave;F
navigatore;M
nazionale;F
nazionalismo;M
nazionalita';F
nazione;F
necessita';F
negativo;F
negazione;F
negoziante;F
negoziato;F
negozio;M
negriero;F
negro;F
nemico;F
neo;M
neocampione;M
neoeletto;F
neogrammatico;F
neomicina;F
nepotismo;M
nero;F
nervo;M
nervoso;F
nesso;M
nettarino;F
nettezza;F
neurologico;F
neutralita';F
neve;F
nevischio;M
nido;M
niente;F
nipote;F
nitrato;M
nobile;F
nocciolo;M
noce;F
nodo;M
nodulo;M
noia;F
noleggio;M
nomade;F
nome;M
nomenclatura;F
nomignolo;M
nomina;F
nominalismo;M
nominativo;F
nonna;F
nonno;M
nord;F
nord-ovest;M
nordista;F
norma;F
normalita';F
normanno;F
normativa;F
norvegese;F
nostalgico;F
nota;F
notaio;M
notes;M
notifica;F
notizia;F
notiziario;M
nottata;F
notte;F
notturna;F
notturno;F
novella;F
novembre;M
novita';F
nozze;F
nube;F
nuca;F
nucleo;M
nullita';F
nume;M
numerazione;F
numero;M
nuora;F
nuotatore;M
nuoto;M
nutrimento;M
obbiettivo;F
obbligatorieta';F
obbligazionista;F
obbligo;M
obesita';F
obiettivita';F
obiettivo;F
obiezione;F
obolo;M
oca;F
occasione;F
occhiaia;F
occhiale;F
occhiata;F
occhiello;M
occhio;M
occidentale;F
occidente;F
occlusione;F
occlusiva;F
occorrenza;F
occultamento;M
occupante;F
occupazione;F
oceano;M
odalisca;F
ode;F
odio;M
odontoiatrico;F
odore;M
offerta;F
offesa;F
officina;F
offuscamento;M
oggettivita';F
oggetto;M
oggi;F
oleandro;M
oligarchia;F
olimpiade;F
olio;M
oliva;F
oltraggio;M
oltretomba;M
omaggio;M
ombra;F
ombrello;M
ombrellone;M
ombretto;M
omicidio;M
omissione;F
omogenizzazione;F
omologazione;F
omonimo;F
onda;F
ondata;F
onere;M
onesta';F
onomatopea;F
onore;M
onorevole;F
onta;F
opera;F
operaio;F
operativita';F
operato;F
operatore;F
operatrice;F
operazione;F
opinione;F
opinionista;F
opportunita';F
oppositore;M
opposizione;F
opposto;F
oppressione;F
oppresso;F
opuscolo;M
opzione;F
ora;F
orafo;F
orale;M
orario;M
oratore;M
orazione;F
orchestra;F
orda;F
ordinamento;M
ordinanza;F
ordinata;F
ordinazione;F
ordine;M
ordito;F
orditura;F
orecchietta;F
orecchino;M
orecchio;M
organico;F
organigramma;M
organismo;M
organizzatore;F
organizzazione;F
organo;M
organza;F
orgoglio;M
orientale;F
orientamento;M
oriente;F
originale;F
origine;F
orina;F
orizzonte;M
ormone;M
oro;M
orologio;M
oroscopo;M
orrido;F
orrore;M
ortaggio;M
orto;M
ortografia;F
ortopedico;F
orzo;M
oscuramento;M
ospedale;M
ospedalizzazione;F
ospitalita';F
ospite;F
ospizio;M
ossalato;M
ossario;M
osservazione;F
ossessione;F
ossidazione;F
ossigeno;M
osso;M
ostacolo;M
ostaggio;M
ostentazione;F
osteria;F
ostetrica;F
ostilita';F
otorino;F
ottica;F
ottimismo;M
ottimista;F
ottobre;M
ottomano;M
ottone;M
ovest;M
pacchetto;M
pacco;M
pace;F
pacificazione;F
pacifismo;M
pacifista;F
padella;F
padiglione;M
padre;M
padreterno;M
padrino;M
padrone;M
paesaggio;M
paese;M
paga;F
pagamento;M
paganesimo;F
pagella;F
pagina;F
paginata;F
paglia;F
pagliaccio;M
paio;M
pakistano;F
pala;F
palato;M
palazzina;F
palazzo;M
palco;M
palcoscenico;M
palestinese;F
palestra;F
palio;M
palla;F
palleggiatore;M
palleggio;M
pallino;M
pallonata;F
pallone;M
pallottola;F
palma;F
palmo;M
palo;M
palpebra;F
panacea;F
panca;F
panchina;F
pancia;F
pane;M
panettiere;M
panico;F
panino;M
panna;F
panno;M
panorama;M
panoramica;F
pantaloncino;M
pantalone;M
pantera;F
pantofola;F
papa;M
papa';M
papera;F
papiro;M
pappagallo;M
parabola;F
paracarro;M
paradiso;M
paradosso;F
parafulmine;M
paragone;M
paragrafo;M
paraletteratura;F
parallelo;F
parametro;M
paranoia;F
parapetto;M
parassita;F
parassitologia;F
paratesto;M
paravento;M
parcheggio;M
parco;M
pareggio;M
parenchima;M
parente;F
parentela;F
parentesi;F
parere;M
parete;F
pari;F
parita';F
parlamentare;F
parlamentarista;F
parlamento;M
parlante;F
parlare;M
parlata;F
parlato;F
parlatorio;M
parmigiano;F
parodia;F
parola;F
parolaccia;F
parrocchia;F
parrucchiere;M
parte;F
partecipante;F
partecipazione;F
partenopeo;F
partenza;F
particella;F
particolare;F
particolarita';F
partigianeria;F
partita;F
partito;F
parto;M
parusia;F
pascolo;M
pasqua;F
passaggio;M
passamaneria;F
passaporto;M
passare;M
passata;F
passatempo;M
passato;F
passeggero;F
passeggiata;F
passero;M
passi;M
passione;F
passo;M
pasta;F
pastarella;F
pastasciutta;F
pastello;F
pasticca;F
pasticcere;M
pasticceria;F
pasticciata;F
pasticciere;M
pasticcino;M
pasticcio;M
pasto;M
pastore;M
patata;F
patatina;F
patente;F
patologia;F
patria;F
patriarca;M
patrimonio;M
patrocinio;M
patronato;M
patto;M
pattuglia;F
paura;F
pausa;F
pavimentazione;F
pavimento;M
pavone;F
paziente;F
pazienza;F
pazzo;F
peccato;M
peccatore;F
pecora;F
pecorino;F
peculato;M
pedagogia;F
pedana;F
pediatra;F
pedone;F
peggio;F
peggiore;F
pelato;F
pelle;F
pellegrinaggio;M
pellicceria;F
pelliccia;F
pellicciaio;M
pellicola;F
pelo;M
pena;F
penalista;F
penalizzazione;F
pendenza;F
pene;M
penetrazione;F
penisola;F
penitenza;F
penitenziario;F
penna;F
pennellata;F
pennellessa;F
pennello;M
pennichella;F
pensabilita';F
pensatore;F
pensiero;M
pensionato;M
pensione;F
pentapartito;M
pentitismo;M
pentito;F
pentola;F
penultimo;F
penuria;F
pepe;M
peperoncino;M
peperone;M
pera;F
percentuale;F
percezione;F
perche';M
percorso;F
percussione;F
perdita;F
perdono;M
perfezionamento;M
perfezione;F
periartrite;F
pericolo;M
pericolosita';F
periferia;F
periodico;F
periodo;M
peripezia;F
perito;M
perizia;F
perla;F
permanenza;F
permesso;F
pernacchia;F
perno;M
pero;F
perpetuare;F
perpetuazione;F
perplessita';F
persecuzione;F
persiana;F
persiano;F
persona;F
personaggio;M
personale;F
personalita';F
pertinenza;F
pesata;F
pesca;F
pesce;M
pesce-martello;M
pescespada;M
peschereccio;F
pesciaiolo;M
pesciera;F
pesco;M
peso;M
pessimismo;M
peste;F
pestilenza;F
pesto;F
petizione;F
petrolio;M
pettegolezzo;M
petto;M
pezza;F
pezzatura;F
pezzo;M
pi;F
piacere;M
piacimento;M
piaga;F
piaggeria;F
pianeta;F
pianificazione;F
piano;M
pianoforte;M
pianta;F
pianterreno;M
pianto;M
pianura;F
piastra;F
piastrella;F
piastrellista;F
piastrina;F
piattaforma;F
piattino;M
piatto;F
piattola;F
piazza;F
piazzamento;M
picchetto;M
picciolo;M
piccione;M
piccirillo;M
picco;M
piccolezza;F
piccolo;F
piede;M
piedipiatti;F
piega;F
piemontese;M
pienezza;F
pieno;F
pienone;M
pieta';F
pietra;F
pigiama;M
piglio;M
pigmento;M
pigna;F
pigrizia;F
pila;F
pilastro;M
pilone;M
pilota;M
pilotto;M
pinacoteca;F
pineta;F
ping-pong;M
pinguino;M
pino;M
pinzimonio;M
pioggia;F
piombo;F
pipa;F
pipi';F
pipistrello;M
pippa;F
piramide;F
pirata;M
pirla;F
pirofila;F
pirolino;M
pisano;F
piscina;F
piscione;M
pisello;F
pista;F
pistacchino;M
pistola;F
pitagorico;F
pittore;F
pittura;F
piu';F
pizza;F
pizzaiola;F
pizzeria;F
pizzico;M
pizzo;M
plastica;F
platea;F
plebiscito;M
plexiglas;M
plico;M
pluralismo;M
pluralita';F
pneumatico;F
poco;F
podere;M
poemetto;M
poesia;F
poeta;M
poggiatesta;M
poggio;M
polarita';F
polemica;F
polenta;F
poliestere;M
poligamia;F
poligrafico;F
politecnico;F
politica;F
politico;F
polivalenza;F
polizia;F
poliziotto;M
pollice;M
polline;M
pollo;M
polmone;M
polmonite;F
polo;M
polpa;F
polpetta;F
polso;M
poltrona;F
polvere;F
polverone;M
pomeriggio;M
pomodoro;M
pompa;F
pompino;M
ponente;M
ponte;M
popolarita';F
popolarizzazione;F
popolazione;F
popolo;M
poppa;F
populista;F
porcata;F
porcellana;F
porcheria;F
porchetta;F
pornografia;F
porta;F
portabandiera;F
portaborse;F
portafoglio;M
portata;F
portatile;F
portatore;F
portavoce;F
portellone;M
porticato;F
portico;M
portiere;M
portinaia;F
portineria;F
porto;F
portone;M
posa;F
posata;F
posatore;M
positivita';F
posizione;F
possesso;M
possibile;F
possibilita';F
posta;F
postazione;F
posteggio;M
posto;M
postulato;F
potentato;M
potente;F
potenza;F
potenziale;F
potenzialita';F
potenziamento;M
potere;M
poveraccio;M
povero;F
poverta';F
pozzo;M
pragmatismo;M
pranzo;M
prassi;F
pratese;M
pratica;F
praticante;F
praticita';F
prato;M
preannuncio;M
precario;M
precedente;F
precedenza;F
precipitare;F
precipitato;M
precipitazione;F
precisazione;F
precisione;F
precursore;F
preda;F
predicato;F
predilezione;F
predisposizione;F
predominanza;F
predominio;M
prefazione;F
preferenza;F
prefetto;M
prefettura;F
prefisso;F
preghiera;F
pregio;M
pregiudiziale;F
pregiudizio;M
preliminare;F
premessa;F
premio;F
premolare;F
premura;F
premuta;F
prenotazione;F
preoccupazione;F
preparazione;F
preponderanza;F
prepotenza;F
prerogativa;F
presa;F
prescrizione;F
presentatore;M
presentazione;F
presente;F
presentimento;M
presenza;F
presepe;M
preside;F
presidente;F
presidenza;F
presidenzialista;F
presidio;M
presina;F
pressa;F
pressi;F
pressione;F
prestazione;F
prestigiatore;M
prestigiazione;F
prestigio;M
prestito;M
presunzione;F
presupposto;F
prete;M
pretesa;F
pretesto;M
pretura;F
prevalenza;F
prevendita;F
preventivo;F
prevenzione;F
previsione;F
previsto;M
prezioso;F
prezzemolo;M
prezzo;M
prigione;F
prigionia;F
prigioniero;F
prima;M
primario;F
primato;M
primavera;F
primiera;F
primizia;F
primogenitura;F
principale;F
principe;F
principiante;F
principio;M
priorita';F
prisma;M
privatizzazione;F
privato;F
privazione;F
privilegiato;F
probabilita';F
problema;M
problematica;F
procedimento;M
procedura;F
processione;F
processo;M
proclama;M
proclamazione;F
procura;F
procuratore;M
prodotto;F
produttore;F
produzione;F
professionalita';F
professionalizzazione;F
professione;F
professionista;F
professore;M
profeta;M
profilo;M
profitto;M
profondita';F
profugo;F
profumo;M
progenitore;M
progettazione;F
progetto;M
programma;M
programmatore;M
programmazione;F
programmista;F
progressione;F
progresso;M
proiezione;F
proletariato;M
prolunga;F
promemoria;M
promessa;F
promotore;F
promovimento;M
promozione;F
promulgazione;F
pronostico;F
pronuncia;F
propaganda;F
proponimento;M
proporre;F
proporzione;F
proposito;M
proposizione;F
proposta;F
proprieta';F
proprietario;F
proroga;F
prosa;F
proscioglimento;M
prosciutto;M
prosecco;M
prosecuzione;F
proseguimento;M
prosieguo;M
prospettiva;F
prossimita';F
prossimo;F
prostituzione;F
protagonismo;M
protagonista;F
protesta;F
protezione;F
protezionismo;M
protocollo;M
protomoteca;F
prototipo;M
prova;F
provenienza;F
proverbio;M
provincia;F
provincialismo;M
provocazione;F
provola;F
provvedimento;M
provveditorato;M
provveditore;F
provvista;F
pseudonimo;F
psicologia;F
psicologico;F
psicologo;M
psicosi;F
pubblicazione;F
pubblicita';F
pubblico;F
puericultura;F
puerperio;M
pugilato;M
pugliese;M
pulce;F
pulcino;M
pulito;F
pulizia;F
pullman;M
pulmino;M
pulsante;F
pungiglione;M
punizione;F
punta;F
puntata;F
punteggiatura;F
punteggio;M
puntino;M
punto;M
puntualizzazione;F
puntura;F
punzone;M
pupazzo;M
pure';F
purezza;F
purificazione;F
putiferio;M
putschista;F
puttana;F
puttanata;F
puttano;M
puzzo;M
quaderno;M
quadrato;F
quadriennale;F
quadrimestre;F
quadro;F
quaglia;F
qualifica;F
qualificazione;F
qualita';F
qualunquismo;M
quantita';F
quaquaraqua';F
quaresima;F
quartetto;M
quartiere;M
quattrino;M
querela;F
quesito;M
questionario;M
questione;F
questura;F
quinta;F
quintale;M
quintetto;M
quiz;M
quota;F
quotazione;F
quotidianita';F
quotidiano;M
rabbia;F
rabbino;M
raccolta;F
raccolto;F
raccomandata;F
raccomandato;F
raccomandazione;F
racconto;M
raccordo;M
raddoppio;M
radicale;F
radicalita';F
radice;F
radio;F
radioascoltatore;M
radiografia;F
radiologia;F
raffigurazione;F
rafforzamento;M
raffreddamento;M
raffreddore;M
ragazza;F
ragazzino;M
ragazzo;M
raggio;M
ragionamento;M
ragione;F
ragioneria;F
ragionevolezza;F
ragioniere;M
ramificazione;F
ramo;M
ramoscello;M
rampantismo;M
rancore;M
rapa;F
rapina;F
rapporto;M
rappresaglia;F
rappresentante;F
rappresentanza;F
rappresentativita';F
rappresentazione;F
rapsodo;M
rarita';F
rasatello;M
raso;F
rassegna;F
rassegnazione;F
rata;F
rateo;M
ratifica;F
razionalita';F
razza;F
razzismo;M
razzista;F
razzo;M
re;M
reagire;F
realismo;M
realizzazione;F
realizzo;M
realta';F
reato;M
reazione;F
recapito;M
recezione;F
reciprocita';F
recita;F
reclamo;M
reclusione;F
recriminazione;F
recupero;M
redattore;M
redazione;F
redditivita';F
reddito;M
redine;F
redistribuzione;F
reduce;F
referendum;M
referente;F
refurtiva;F
refuso;M
regalita';F
regalo;M
reggente;F
reggiseno;M
regia;F
regime;M
regina;F
regione;F
regista;F
registratore;F
registrazione;F
registro;M
regno;M
regola;F
regolamentazione;F
regolamento;M
regolarita';F
regolazione;F
relatore;F
relazione;F
religione;F
reminiscenza;F
remora;F
rendita;F
rene;M
renella;F
reparto;M
reperimento;M
reperto;F
repertorio;M
replica;F
repressione;F
repubblica;F
repubblicano;F
requisito;M
requisitoria;F
resa;F
rescissione;F
residence;M
residente;F
residenza;F
residuo;F
resistenza;F
reso;M
resoconto;M
respiro;M
responsabile;F
responsabilita';F
restaurazione;F
restauro;M
restituzione;F
resto;M
restrizione;F
resurrezione;F
retaggio;M
rete;F
reticenza;F
retina;F
retorica;F
retribuzione;F
retro;M
retrobottega;F
retta;F
rettangolo;F
rettifica;F
rettore;F
revisione;F
revisore;M
revoca;F
riabilitazione;F
riadattamento;M
rialzamento;M
rialzo;M
riapertura;F
riappropriazione;F
riassetto;M
riassunto;F
ribalta;F
ribelle;F
ribellione;F
ricambio;M
ricamo;M
ricatto;M
ricavo;M
ricchezza;F
riccio;F
ricco;F
ricerca;F
ricercatore;F
ricetta;F
ricevimento;M
ricevuta;F
ricezione;F
richiamo;M
richiesta;F
ricongiungimento;M
ricongiunzione;F
riconoscenza;F
riconoscimento;M
riconquista;F
riconsiderazione;F
ricordo;M
ricorrente;F
ricorrenza;F
ricorso;M
ricostruzione;F
ricovero;M
ricreazione;F
ridicolo;F
ridisegno;M
riduzione;F
rientro;M
riepilogo;M
riferimento;M
rifiuto;M
riflessione;F
riflesso;M
riflusso;M
rifondazione;F
riforma;F
rifornimento;M
rifrazione;F
rifugiato;F
rifugio;M
riga;F
rigenerazione;F
rigidita';F
rigo;M
rigore;M
rigovernatura;F
riguardo;M
rilanciare;F
rilancio;M
rilascio;M
rilevanza;F
rilevazione;F
rilievo;M
rima;F
rimando;M
rimanenza;F
rimborso;M
rimbrotto;M
rimedio;M
rimessa;F
rimmel;M
rimozione;F
rimunerazione;F
rinascenza;F
rinascimento;F
rinascita;F
rincorsa;F
rinfrescata;F
ringraziamento;M
rinnovamento;M
rinnovo;M
rinuncia;F
rinvio;M
rione;M
riordinamento;M
riordino;M
riorganizzazione;F
riparatore;F
riparazione;F
riparo;M
ripartire;F
ripartizione;F
ripasso;M
ripensamento;M
ripercussione;F
ripescaggio;M
ripetitore;F
ripetizione;F
riporto;M
riposo;M
ripresa;F
riproduzione;F
riproporre;F
riproposta;F
riprova;F
riquadro;F
risalto;M
risanamento;M
risarella;F
risata;F
riscaldamento;M
riscatto;M
rischio;M
riscontro;M
riscoperta;F
riscossa;F
riserva;F
riservatezza;F
riservato;F
riso;M
risoluzione;F
risorgere;F
risorgimento;M
risorsa;F
risotto;M
risparmio;M
rispetto;M
rispondenza;F
risposta;F
rissa;F
ristabilimento;M
ristorante;M
ristrutturazione;F
risultato;F
risurrezione;F
risveglio;M
risvolto;M
ritaglio;M
ritardatario;F
ritardo;M
ritegno;M
ritenuta;F
ritenzione;F
ritiro;M
ritmo;M
rito;M
ritocco;M
ritorno;M
ritrattazione;F
ritratto;F
ritrovamento;M
ritrovo;M
riunificazione;F
riunione;F
riuscita;F
riva;F
rivalutazione;F
rivelazione;F
rivendicazione;F
rivenditore;M
rivestimento;M
rivetto;M
rivincita;F
rivisitazione;F
rivista;F
rivolta;F
rivoluzionario;F
rivoluzione;F
roba;F
rocca;F
roccia;F
roditore;M
rogito;M
rogna;F
romagnolo;F
romano;F
romanticismo;M
romantico;F
romanzo;M
rompiballe;F
rompiscatole;F
rosa;F
rosmarino;M
rosone;M
rospo;M
rossetto;F
rosso;F
rotazione;F
rotella;F
rotta;F
rottura;F
rovesciamento;M
rovescio;F
rovina;F
ruba;F
rubinetto;M
rubino;F
rubrica;F
ruga;F
rughetta;F
rugosita';F
rullo;M
rumore;M
ruolo;M
ruota;F
russo;F
ruta;F
sabato;M
sabbia;F
sabotaggio;M
sacca;F
sacchetto;M
sacco;M
sacerdote;M
sacralita';F
sacramento;M
sacrario;M
sacrificio;M
saetta;F
saggezza;F
saggio;F
saggistica;F
sala;F
salamandra;F
salariato;F
salario;F
saldaconto;M
saldatura;F
saldo;M
sale;M
salice;M
salma;F
salmone;M
salone;M
salotto;M
salsiccia;F
salto;M
saltuarieta';F
salumeria;F
salute;F
saluto;M
salvaguardia;F
salvatore;F
salvezza;F
salvia;F
sanatoria;F
sangallo;M
sangue;F
sanita';F
santa;F
santista;M
santo;M
santone;M
santuario;M
sanzione;F
sapere;M
sapiente;F
sapienza;F
sapone;M
saponetta;F
sapore;M
saputa;F
saraceno;F
saracinesca;F
sarchiapone;M
sardo;F
sarto;M
sasso;M
satana;M
satrapo;M
sauna;F
savana;F
sbaglio;M
sballo;M
sbandamento;M
sbando;M
sbaraglio;M
sbarramento;M
sbattimento;M
sberla;F
sbocco;M
scacco;M
scadenza;F
scaffale;M
scala;F
scalata;F
scaletta;F
scalino;M
scalone;M
scaloppina;F
scalpore;M
scaltrezza;F
scambio;M
scampo;M
scanalatura;F
scandagliare;F
scandalo;M
scantinato;M
scapito;M
scapolo;M
scarabocchio;M
scarica;F
scaricatore;M
scarico;M
scarpa;F
scarparo;M
scarpiera;F
scarto;M
scatola;F
scatto;M
scattosita';F
scavamento;M
scavo;M
scazzo;M
scelta;F
scemenza;F
scemita';F
scemo;F
scena;F
scenario;M
scenata;F
sceneggiato;F
sceneggiatore;M
sceneggiatura;F
scenetta;F
scetticismo;M
scheda;F
schedario;M
schedatura;F
scheggia;F
schema;M
scherma;F
schermo;M
scherzo;M
schiacciata;F
schiaffo;M
schiava;F
schiavitu';F
schiavo;F
schiena;F
schiera;F
schieramento;M
schiettezza;F
schifezza;F
schifo;F
schiocco;M
schizzo;M
sci;M
scia;F
scia';F
scialle;M
sciame;M
sciarpa;F
sciatore;M
sciatteria;F
scienza;F
scienziato;F
scimmia;F
scintilla;F
sciocco;F
scioglimento;M
sciopero;M
sciroppo;M
scissione;F
scivolo;M
scivolone;M
scoglio;M
scola;F
scolaro;M
scoliosi;F
scollo;M
scommessa;F
scomodita';F
scomparsa;F
scomparso;F
scompenso;M
scompiglio;M
scomunica;F
sconcerto;M
sconfessione;F
sconfitta;F
sconforto;M
scongiuro;M
sconosciuto;F
scontento;M
sconto;M
scontro;M
scopa;F
scoperta;F
scopo;M
scoppio;M
scorcio;M
scorniciatura;F
scorrere;F
scorrettezza;F
scorsa;F
scorta;F
scossa;F
scotch;M
scottatura;F
scotto;F
scritta;F
scritto;F
scrittore;M
scrittura;F
scrivania;F
scrupolo;M
scudetto;M
scugnizzo;M
scultura;F
scuola;F
scuro;M
scusa;F
sdoppiamento;M
sdraio;M
se;M
secchiello;M
secchione;M
secentista;F
secolo;M
secondo;M
sedano;M
sede;F
sedere;M
sedia;F
sedile;M
seduta;F
sega;F
seggiola;F
seggiolino;M
seggiolone;M
seghetto;M
segmento;M
segnalazione;F
segnale;M
segnatura;F
segno;M
segretario;M
segreteria;F
segretezza;F
segreto;M
seguace;F
seguito;M
selciato;F
selezione;F
sella;F
semaforo;M
semantica;F
seme;M
semibuio;M
seminario;M
seminterrato;F
semplicita';F
semplificazione;F
sempronio;F
senato;M
senatore;M
senologia;F
sensibilita';F
sensitivita';F
sensitivo;F
senso;M
sensorialita';F
sentenza;F
sentimento;M
sentire;M
senzatetto;F
separatezza;F
separato;F
separazione;F
sequela;F
sequenza;F
sequestro;M
sera;F
serata;F
serbo;M
serenata;F
serenita';F
serie;F
serieta';F
serio;F
serpe;F
serpentina;F
serra;F
serramento;M
servizio;M
servo;M
sessione;F
sesso;M
sessualita';F
seta;F
sete;F
settembre;M
settimana;F
settimanale;F
settore;M
sezione;F
sfacelo;M
sfascio;M
sfera;F
sfida;F
sfidante;F
sfiducia;F
sfiga;F
sfilata;F
sfizio;M
sfogliata;F
sfogliatina;F
sfogo;M
sfondo;M
sfortuna;F
sforzo;M
sfratto;M
sfruttamento;M
sfumatura;F
sfuriata;F
sgabello;M
sgridata;F
sguardo;M
sicario;M
siciliano;F
siclo;M
sicomoro;M
sicurezza;F
sidro;M
sieroconversione;F
sieropositivo;F
sigaretta;F
sigaro;M
sigillo;M
sigla;F
significativita';F
significato;F
signora;F
signore;M
signoria;F
signorina;F
signorino;M
silenzio;M
simbiosi;F
simbolo;M
simile;F
similitudine;F
simpatia;F
simpatico;F
sincerita';F
sindacalista;F
sindacato;M
sindaco;M
sinestesia;F
sinfonia;F
singolo;F
sinistra;F
sinistro;F
sinonimia;F
sinonimo;M
sintassi;F
sintesi;F
sintomo;M
sintonia;F
sintonizzatore;M
sirena;F
sistema;M
sistemazione;F
situazione;F
slancio;M
slip;M
slitta;F
slittamento;M
smalto;M
smantellamento;M
smerlo;M
smobilitazione;F
soccorso;M
sociale;F
socialismo;M
socialista;F
socialita';F
societa';F
socio;M
sociolinguistica;F
sociologia;F
sociologo;M
sodalizio;M
soddisfazione;F
sodio;M
sofa';M
sofferenza;F
soffitta;F
soffitto;M
soggettivita';F
soggetto;M
soggiorno;M
soglia;F
sogno;M
sola;F
soldato;M
soldo;M
sole;M
solennita';F
solidita';F
solito;F
solitudine;F
sollecitazione;F
sollecitudine;F
solleone;M
solo;F
soluzione;F
solvibilita';F
somatizzazione;F
somiglianza;F
somma;F
sommario;M
sommergibile;F
sonaglio;M
sonnifero;M
sonno;M
sonorita';F
sonorizzazione;F
sopra;M
sopraffazione;F
sopralluogo;M
soprannome;M
sopravvivenza;F
sordina;F
sordomuto;F
sorella;F
sorgere;F
sorpresa;F
sorriso;M
sorta;F
sorte;F
sorteggio;M
sorveglianza;F
sospensione;F
sospeso;F
sospetto;M
sosta;F
sostantivo;M
sostanza;F
sostegno;M
sostenitore;F
sostentamento;M
sostitutivo;F
sostituto;M
sostituzione;F
sotterranea;F
sottobosco;M
sottofondo;M
sottolineatura;F
sottomissione;F
sottosalario;M
sottoscritto;F
sottoscrizione;F
sottosegretario;M
sottosviluppo;M
sottotipo;M
sottotitolo;M
sottrazione;F
sovietico;F
sovraimpressione;F
sovrano;F
sovrapposizione;F
sovrastruttura;F
sovrimpressione;F
sovrintendente;F
sovvenzione;F
sovversione;F
spaccatura;F
spaccone;M
spada;F
spadaccino;M
spaghetto;M
spagnolo;F
spago;M
spalla;F
spallina;F
spallino;M
sparatore;M
sparatoria;F
sparizione;F
spasimo;M
spasso;M
spauracchio;M
spazio;M
spazzatura;F
spazzola;F
specchietto;M
specchio;M
specialista;F
specialita';F
specializzazione;F
specie;F
specificita';F
specifico;F
speculazione;F
spedizione;F
spedizioniere;M
speranza;F
sperone;M
spesa;F
spesso;F
spessore;M
spettacolo;M
spettatore;M
spezia;F
spia;F
spiaggia;F
spiazzo;M
spicchio;M
spicciolata;F
spicciolo;F
spiegazione;F
spilla;F
spina;F
spinacio;M
spinotto;M
spinta;F
spintone;M
spiraglio;M
spirale;F
spirito;M
splendore;M
spoglia;F
spogliarello;M
spogliatoio;M
spoliazione;F
sponda;F
sporcizia;F
sporco;F
sport;F
sportello;M
sportivo;F
sposa;F
sposino;M
sposo;M
spossessamento;M
spostamento;M
spreco;M
spregiudicatezza;F
sproloquio;M
sproporzione;F
sproposito;M
spunto;M
spuntone;M
sputo;M
squadra;F
squadraccia;F
squalifica;F
squilibrio;M
squillo;F
stabilimento;M
stabilita';F
stacco;M
stadio;M
stagionatura;F
stagione;F
stalinismo;M
stallo;M
stampa;F
stampante;F
stampata;F
stampatello;M
stampella;F
stampo;M
stanchezza;F
stanco;F
stanza;F
statale;F
statistica;F
stato;F
statua;F
statura;F
statuto;M
stazione;F
stecca;F
stella;F
stento;M
steppa;F
stereo;M
stereotipo;F
sterilita';F
sterilizzazione;F
sterlina;F
sterminio;M
sterpo;M
sterrato;M
stesura;F
stile;M
stilista;F
stima;F
stimolo;M
stipendiato;F
stipendio;M
stireria;F
stitico;F
stivale;M
stoffa;F
stomaco;M
stop;M
storia;F
storicita';F
storico;F
stortura;F
stoviglia;F
straccio;M
straccivendolo;M
strada;F
strage;F
stralcio;M
stranezza;F
straniero;F
strano;F
straordinario;F
strapazzata;F
strappo;M
strascico;M
strategia;F
stratificazione;F
strato;M
stravaganza;F
stravolgere;F
stravolgimento;M
strazio;M
strega;F
stretta;F
striscia;F
striscio;M
striscione;M
strofa;F
stronzata;F
stronzo;F
struffolo;M
strumentalizzazione;F
strumento;M
struscio;M
struttura;F
strutturalismo;M
struzzo;M
stucco;M
studente;M
studio;M
studioso;F
stufa;F
stupefacente;M
stupidaggine;F
stupidata;F
stupido;F
subagente;F
subalternita';F
subappalto;M
subordinazione;F
substrato;M
succedere;F
successione;F
successo;M
successore;M
succo;M
sud;M
sudditanza;F
suddito;F
suddivisione;F
sudicio;F
sudista;F
sufficienza;F
suggerimento;M
suggestione;F
sugo;M
sultano;M
suocera;F
suocero;M
suolo;M
suonatore;M
suono;M
suora;F
superamento;M
superficialita';F
superficie;F
superiore;F
supermercato;M
superpotenza;F
superstizione;F
supplente;F
supplenza;F
suppli';M
supporto;M
surgelato;M
surgelazione;F
susina;F
sussidio;M
sussistenza;F
svalutazione;F
svantaggio;M
sveglia;F
svendita;F
sventatezza;F
sviluppo;M
svolgimento;M
svolta;F
tabella;F
tabellina;F
tabellone;M
tabulato;M
tacco;M
tafano;M
taglia;F
tagliando;M
taglierino;M
taglio;M
tale;F
talento;M
tallone;M
tampone;M
tangente;F
tangenziale;F
tappa;F
tapparella;F
tappeto;M
tappezzeria;F
tappo;M
tariffa;F
tarocco;M
tartaruga;F
tasca;F
tascabile;F
taschino;M
tassa;F
tassazione;F
tassello;M
tasso;M
tasto;M
tata;M
tattica;F
tatticismo;M
tatto;M
tavola;F
tavolino;M
tavolo;M
taxi;M
tazza;F
te';F
teatro;M
tecnica;F
tecnico;M
tecnologia;F
tedesco;F
tegame;M
tegamino;M
tela;F
tele;M
telecamera;F
telecomando;M
telecomunicazione;F
telefilm;M
telefonata;F
telefonino;M
telefono;M
telegiornale;M
telegramma;M
teleschermo;M
telescrivente;F
teleselezione;F
telesoccorso;M
telespettatore;M
televideo;M
televisione;F
televisore;M
telo;M
telone;M
tema;M
tematica;F
tempera;F
temperamatita;M
temperatura;F
temperie;F
tempestivita';F
tempietto;M
tempio;M
tempo;M
tempra;F
tenacia;F
tenda;F
tendenza;F
tendine;M
tenebra;F
tenente;M
tenere;F
tenerezza;F
tennis;M
tenore;M
tensione;F
tentare;F
tentativo;M
tentazione;F
tenuta;F
teorema;M
teoria;F
teorico;F
terapia;F
terapista;F
tergo;M
terme;F
termico;F
terminale;F
termine;M
terminologia;F
termometro;M
termostato;M
terna;F
terra;F
terrazza;F
terrazzo;M
terremotato;F
terremoto;M
terreno;M
territorio;M
terrore;M
terrorismo;M
terrorista;F
terzomondiale;F
tesi;F
tesina;F
tesista;F
tesoro;M
tessera;F
tesserino;M
tessitore;M
tessitura;F
tessuto;F
testa;F
testamento;M
testata;F
teste;F
testimone;F
testimonianza;F
testo;M
tetralogia;F
tetto;M
tibia;F
ticket;M
tifo;M
tifoso;F
tigre;F
timbro;M
timidezza;F
timone;M
timore;M
tinello;M
tinta;F
tinteggiatura;F
tintoria;F
tipa;F
tipetto;M
tipo;M
tipografia;F
tipologia;F
tiranno;F
tiratura;F
tiro;M
tirocinio;M
tisana;F
titolare;F
titolarita';F
titolazione;F
titolo;M
titubanza;F
tizio;M
tocco;F
tolleranza;F
tomba;F
tomo;M
tondino;M
tonnellata;F
tonno;M
tono;M
topazio;F
topo;M
topografia;F
toppa;F
torchio;M
torcia;F
torinese;F
toro;M
torpedo;F
torpore;M
torre;F
torrente;F
torrone;M
torsione;F
torta;F
tortello;M
torto;M
tortora;F
tortura;F
toscano;F
tosse;F
tossicodipendente;F
totale;F
totalita';F
totocalcio;M
totonero;M
tovaglia;F
tovagliolo;M
trabattello;M
traccia;F
tracciato;F
tradimento;M
tradizionale;F
tradizione;F
traduttore;M
traduzione;F
traffico;M
tragedia;F
tragico;F
traguardo;M
tram;M
trama;F
tramonto;M
tranello;M
tranquillita';F
transazione;F
transfinito;F
transizione;F
tranviere;M
trapezio;F
trappola;F
trapunta;F
trascendentalismo;M
trascendenza;F
trascinamento;M
trascorrere;F
trascrizione;F
trascuratezza;F
trasduzione;F
trasferimento;M
trasferta;F
trasformazione;F
trasgressione;F
trasloco;M
trasmissione;F
trasparenza;F
trasportatore;F
trasporto;M
tratta;F
trattamento;M
trattativa;F
trattato;M
trattazione;F
trattenimento;M
trattenuta;F
tratto;F
trattore;M
trattoria;F
trauma;M
trave;F
traversia;F
traverso;F
travertino;M
tregua;F
trenetta;F
trenino;M
treno;M
triangolo;M
tribuna;F
tribunale;M
triciclo;M
triclinio;M
triennio;M
trigonometria;F
trincea;F
trio;M
triplo;F
tristezza;F
tritolo;M
trittico;M
troia;F
troiaio;M
trombata;F
trombatura;F
tronco;F
tropico;M
trovata;F
trucco;M
truffa;F
tu;M
tuba;F
tubatura;F
tubo;M
tuffo;M
tufo;M
tumore;M
tundra;F
turbina;F
turbodiesel;F
turco;M
turismo;M
turista;F
turno;M
tuta;F
tutela;F
tutore;M
tutto;F
tv;F
uccello;M
uccisione;F
udienza;F
uditore;M
ufficiale;F
ufficialita';F
ufficio;M
uguaglianza;F
ulcera;F
ultimo;F
ululato;F
umanesimo;M
umanista;F
umanita';F
umanizzazione;F
umano;F
umidita';F
umido;F
umilta';F
umore;M
umoristico;F
uncinetto;M
uncino;M
ungaro;F
ungherese;F
unguento;M
unico;M
unificazione;F
unione;F
unita';F
universita';F
universitario;F
universo;M
unzione;F
uomo;M
uopo;M
uovo;M
urgenza;F
urina;F
urlo;M
urna;F
urologo;M
urto;M
uscita;F
uso;F
utensile;M
utente;F
utenza;F
utile;F
utilita';F
utilizzazione;F
utilizzo;M
utopia;F
uva;F
uzzolo;M
vacanza;F
vacca;F
vaccinato;F
vaccinazione;F
vaccino;M
vaglia;M
vaglio;M
valanga;F
valenza;F
validita';F
valigia;F
valle;F
valletta;F
valore;M
valorizzazione;F
valuta;F
valutazione;F
valvassino;M
valvassore;M
vangelo;M
vantaggio;M
vanto;M
vapore;M
vaporizzazione;F
varco;M
variabile;F
variante;F
variazione;F
varieta';M
vasca;F
vaso;M
vassallo;F
vassoio;M
vecchia;F
vecchiaia;F
vecchio;F
veccia;F
vedova;F
vedovo;F
vegetazione;F
veggenza;F
veglia;F
veicolo;M
vela;F
veleno;M
velina;F
velo;M
velocita';F
venatura;F
vendemmia;F
vendita;F
venditore;F
venduto;M
venerdi';M
venere;F
ventata;F
ventennio;M
ventilatore;F
ventino;M
ventiquattrenne;F
vento;M
ventura;F
verbale;F
verbalizzazione;F
verbo;M
verde;F
verdura;F
vergine;F
verginita';F
vergogna;F
veridicita';F
verifica;F
verita';F
vernice;F
vero;F
versaccio;M
versamento;M
versante;M
versetto;M
versione;F
verso;M
vertenza;F
vertenzialita';F
verticale;F
vertice;M
vescovo;F
vespa;F
vestaglia;F
veste;F
vestire;F
vestito;M
veto;M
vetrata;F
vetrina;F
vetrinista;F
vetro;M
vettura;F
vezzeggiativo;F
vezzo;M
via;M
viaggio;M
viale;M
viatico;M
vibrante;F
vicenda;F
vicepreside;F
vicepresidente;F
vicere';M
viceregno;M
vicesindaco;M
vicinanza;F
vicino;F
vicolo;M
video;M
videocassetta;F
videoregistratore;M
videoteca;F
vigilanza;F
vigile;F
vignetta;F
vignettista;F
vigore;M
villa;F
villaggio;M
vincita;F
vincitore;F
vincolo;M
vino;F
viola;F
violazione;F
violenza;F
vipera;F
virgola;F
virgoletta;F
virtu';F
virus;M
viscosa;F
visibilita';F
visione;F
visita;F
visitatore;M
viso;F
visone;M
vissuto;F
vista;F
visto;F
visuale;F
vita;F
vitalita';F
vitamina;F
vitella;F
vitello;M
vitino;M
vittima;F
vittoria;F
vituperio;M
vivacita';F
vivere;M
vivo;F
vizio;M
vocabolario;M
vocabolo;M
vocale;F
vocazione;F
voce;F
voglia;F
volano;M
volantinaggio;M
volantino;M
volata;F
volere;M
volgare;M
volgarita';F
voliera;F
volo;M
volonta';F
volontariato;M
volontario;F
volontarismo;M
volpe;F
volt;M
volta;F
voltastomaco;M
volto;M
voltura;F
volume;M
vomito;M
vongola;F
vortice;M
votazione;F
voto;M
vulcano;M
vuoto;F
watt;M
whisky;M
yogurt;M
zabaglione;M
zaffiro;M
zaino;M
zampa;F
zampone;M
zanzara;F
zappatore;F
zar;M
zavorra;F
zecca;F
zecchino;M
zelo;M
zeppa;F
zia;F
zibibbo;M
zinco;M
zio;M
zizzania;F
zoccolo;M
zolla;F
zombi;F
zona;F
zoo;M
zoologia;F
zoologo;M
zotico;F
zucca;F
zuccheriera;F
zucchero;M
zucchina;F
zulu';F
zuppiera;F
